<application>
  <component name="GitRememberedInputs">
    <option name="visitedUrls">
      <list>
        <UrlAndUserName>
          <option name="url" value="https://github.com/NotDanielG/SummerPlanner.git" />
          <option name="userName" value="" />
        </UrlAndUserName>
        <UrlAndUserName>
          <option name="url" value="http://github.com" />
          <option name="userName" value="NotDanielG" />
        </UrlAndUserName>
        <UrlAndUserName>
          <option name="url" value="https://github.com/ZhenCS/SBUHacks2019.git" />
          <option name="userName" value="" />
        </UrlAndUserName>
      </list>
    </option>
    <option name="cloneParentDir" value="C:\Users\DanielG\PycharmProjects" />
  </component>
</application>